IP,Network,Country
104.152.52.55,RETHEM-HOSTING,US
43.130.10.173,ACEVILLEPTELTD-SG,US
193.37.255.114,GLOBALAXS-MNT,SK
80.82.77.139,NET-1-77,NL
80.82.77.33,NET-1-77,NL
71.6.135.131,CARINET-5,US
71.6.199.23,CARINET-5,US
185.165.190.17,BlackHOST,US
93.174.95.106,NET-3-95,NL
185.165.190.34,BlackHOST,US
193.37.255.114,M247-LTD-Bratislava,SK
89.248.167.131,NET-2-167,NL
185.142.236.35,BlackHOST-CLOUD,NL
185.142.236.36,BlackHOST-CLOUD,NL
185.142.236.34,BlackHOST-CLOUD,NL
195.144.21.56,BlackHOST-CLOUD,AT
71.6.167.142,CARINET-5,US
193.163.125.138,INTERNETMEASUREMENT-B,NL
146.0.75.2,HOSTKEY-NET,NL
46.17.96.41,HOSTKEY-NET,NL
178.62.44.152,DIGITALOCEAN-LON-1,UK
43.130.10.173,ACEVILLEPTELTD-SG,US
104.152.52.55,RETHEM-HOSTING,US
119.42.54.188,ASN=AS133159 Mammoth Media Pty Ltd,AU
152.32.219.120,ASN=AS135377 UCLOUD INFORMATION TECHNOLOGY HK LIMITED,SG
170.106.115.55,"ASN=AS132203 Tencent Building, Kejizhongyi Avenue",US
172.105.73.148,"ASN=AS63949 Akamai Technologies, Inc.",DE
192.241.196.48,ASN=AS14061 DIGITALOCEAN-ASN,US
192.241.200.36,ASN=AS14061 DIGITALOCEAN-ASN,US
192.241.202.27,ASN=AS14061 DIGITALOCEAN-ASN,US
192.241.223.35,ASN=AS14061 DIGITALOCEAN-ASN,US
192.241.239.28,ASN=AS14061 DIGITALOCEAN-ASN,US
198.199.103.238,ASN=AS14061 DIGITALOCEAN-ASN,US
91.134.185.83,ASN=AS16276 OVH SAS,FR
91.134.185.88,ASN=AS16276 OVH SAS,FR
92.154.95.236,ASN=AS3215 Orange,FR
103.75.201.219,"ASN=AS133496 CDN PLUS CO., LTD.",TH
104.152.52.131,ASN=AS14987 RETHEMHOSTING,US
104.152.52.233,ASN=AS14987 RETHEMHOSTING,US
106.75.190.21,ASN=AS58466 CHINANET Guangdong province network,CN
106.75.64.29,"ASN=AS9808 China Mobile Communications Group Co., Ltd.",CN
107.155.50.142,ASN=AS135377 UCLOUD INFORMATION TECHNOLOGY HK LIMITED,US
107.170.232.9,ASN=AS14061 DIGITALOCEAN-ASN,US
151.80.91.208,ASN=AS16276 OVH SAS,FR
151.80.91.209,ASN=AS16276 OVH SAS,FR
151.80.91.211,ASN=AS16276 OVH SAS,FR
151.80.91.213,ASN=AS16276 OVH SAS,FR
151.80.91.214,ASN=AS16276 OVH SAS,FR
151.80.91.215,ASN=AS16276 OVH SAS,FR
151.80.91.217,ASN=AS16276 OVH SAS,FR
151.80.91.218,ASN=AS16276 OVH SAS,FR
151.80.91.219,ASN=AS16276 OVH SAS,FR
151.80.91.222,ASN=AS16276 OVH SAS,FR
151.80.91.223,ASN=AS16276 OVH SAS,FR
162.243.141.11,ASN=AS14061 DIGITALOCEAN-ASN,US
162.62.191.220,"ASN=AS132203 Tencent Building, Kejizhongyi Avenue",RU
162.62.33.200,"ASN=AS132203 Tencent Building, Kejizhongyi Avenue",RU
164.92.211.90,ASN=AS14061 DIGITALOCEAN-ASN,NL
170.106.115.253,"ASN=AS132203 Tencent Building, Kejizhongyi Avenue",US
176.58.124.251,"ASN=AS63949 Akamai Technologies, Inc.",GB
192.241.214.26,ASN=AS14061 DIGITALOCEAN-ASN,US
193.163.125.123,ASN=AS211298 Constantine Cybersecurity Ltd.,GB
193.163.125.138,ASN=AS211298 Constantine Cybersecurity Ltd.,GB
193.163.125.175,ASN=AS211298 Constantine Cybersecurity Ltd.,GB
193.163.125.207,ASN=AS211298 Constantine Cybersecurity Ltd.,GB
193.163.125.231,ASN=AS211298 Constantine Cybersecurity Ltd.,GB
193.163.125.248,ASN=AS211298 Constantine Cybersecurity Ltd.,GB
193.163.125.5,ASN=AS211298 Constantine Cybersecurity Ltd.,GB
193.163.125.66,ASN=AS211298 Constantine Cybersecurity Ltd.,GN
43.131.94.145,"ASN=AS132203 Tencent Building, Kejizhongyi Avenue",RU
89.248.163.200,ASN=AS202425 IP Volume inc,NL
91.134.185.82,ASN=AS16276 OVH SAS,FR
91.134.185.91,ASN=AS16276 OVH SAS,FR
152.89.196.211,CY-STARCRECIUM-20220125,RU
